ID,Education,Income,Marital_Status,,,,
5524,Graduation,58138,Single,,,MAX Salary,666666
2174,Graduation,46344,Single,,,MIN Salary ,1730
4141,Graduation,71613,Together,,,,
6182,Graduation,26646,Together,,,,
5324,PhD,58293,Married,,,,
7446,Master,62513,Together,,,,
965,Graduation,55635,Divorced,,,,
6177,PhD,33454,Married,,,,
4855,PhD,30351,Together,,,,
5899,PhD,5648,Together,,,,
1994,Graduation,,Married,,,,
387,Basic,7500,Married,,,,
2125,Graduation,63033,Divorced,,,,
8180,Master,59354,Divorced,,,,
2569,Graduation,17323,Married,,,,
2114,PhD,82800,Single,,,,
9736,Graduation,41850,Married,,,,
4939,Graduation,37760,Together,,,,
6565,Master,76995,Married,,,,
2278,2n Cycle,33812,Single,,,,
9360,Graduation,37040,Married,,,,
5376,Graduation,2447,Married,,,,
1993,PhD,58607,Married,,,,
4047,PhD,65324,Married,,,,
1409,Graduation,40689,Together,,,,
7892,Graduation,18589,Single,,,,
2404,Graduation,53359,Married,,,,
5255,Graduation,,Single,,,,
9422,Graduation,38360,Married,,,,
1966,PhD,84618,Married,,,,
6864,Master,10979,Divorced,,,,
3033,Master,38620,Together,,,,
5710,Graduation,40548,Together,,,,
7373,PhD,46610,Divorced,,,,
8755,Master,68657,Married,,,,
10738,Master,49389,Single,,,,
4339,PhD,67353,Married,,,,
10755,2n Cycle,23718,Married,,,,
8595,Graduation,42429,Widow,,,,
2968,PhD,48948,Divorced,,,,
8601,Graduation,80011,Married,,,,
503,Master,20559,Married,,,,
8430,Graduation,21994,Together,,,,
7281,PhD,,Single,,,,
2139,Master,7500,Married,,,,
1371,Graduation,79941,Single,,,,
9909,2n Cycle,7500,Married,,,,
7286,Graduation,41728,Together,,,,
7244,Graduation,,Single,,,,
6566,PhD,72550,Married,,,,
8614,Graduation,65486,Widow,,,,
4114,Master,79143,Married,,,,
1331,Graduation,35790,Single,,,,
2225,Graduation,82582,Divorced,,,,
9381,Graduation,66373,Married,,,,
6260,Master,82384,Together,,,,
10383,Graduation,70287,Divorced,,,,
7437,Graduation,27938,Single,,,,
8557,Graduation,,Single,,,,
8375,PhD,55954,Married,,,,
6853,Master,75777,Single,,,,
3076,Graduation,66653,Together,,,,
1012,Graduation,61823,Single,,,,
6518,PhD,67680,Widow,,,,
4137,Graduation,70666,Together,,,,
8082,Graduation,25721,Married,,,,
1386,Graduation,32474,Together,,,,
9369,2n Cycle,88194,Single,,,,
4477,Graduation,69096,Together,,,,
1357,Graduation,74854,Together,,,,
1402,Master,66991,Married,,,,
10629,2n Cycle,,Married,,,,
6312,Graduation,65031,Married,,,,
8132,PhD,60631,Married,,,,
1050,Graduation,28332,Married,,,,
5846,Graduation,40246,Divorced,,,,
1859,Master,75251,Married,,,,
7503,Graduation,75825,Single,,,,
10401,2n Cycle,26326,Together,,,,
1618,Graduation,56046,Together,,,,
3332,Graduation,29760,Single,,,,
2261,Graduation,26304,Married,,,,
5346,2n Cycle,23559,Married,,,,
4119,Master,38620,Together,,,,
535,Graduation,81361,Divorced,,,,
5268,Graduation,29440,Married,,,,
273,Master,36138,Married,,,,
4452,Graduation,50388,Single,,,,
8504,Graduation,79593,Married,,,,
771,Graduation,54178,Together,,,,
8996,PhD,,Married,,,,
9235,Graduation,,Single,,,,
5798,Master,,Together,,,,
11178,Master,42394,Single,,,,
2230,PhD,23626,Married,,,,
7516,Graduation,30096,Married,,,,
7247,Graduation,47916,Widow,,,,
11100,Graduation,51813,Divorced,,,,
4646,2n Cycle,78497,Married,,,,
3037,PhD,50150,Married,,,,
1473,2n Cycle,47823,Single,,,,
1016,PhD,34554,Single,,,,
4518,Graduation,85693,Together,,,,
9370,PhD,65846,Married,,,,
8908,Graduation,87195,Married,,,,
8373,Basic,24594,Together,,,,
7533,Graduation,49096,Married,,,,
2683,Graduation,52413,Married,,,,
3629,Graduation,38557,Single,,,,
10991,Master,89058,Married,,,,
5077,Graduation,77298,Together,,,,
7431,PhD,68126,Single,,,,
3267,Master,57288,Together,,,,
999,Graduation,86037,Single,,,,
9215,PhD,43974,Married,,,,
2286,Graduation,50785,Single,,,,
1592,Graduation,90765,Married,,,,
367,2n Cycle,36550,Married,,,,
5234,2n Cycle,30753,Together,,,,
9862,Graduation,21918,Together,,,,
9805,Master,56129,Together,,,,
6205,Master,32557,Single,,,,
8442,Master,19510,Married,,,,
7386,Graduation,30992,Divorced,,,,
7215,Graduation,101970,Single,,,,
1491,2n Cycle,71488,Together,,,,
11071,Graduation,79607,Single,,,,
3381,Master,54348,Married,,,,
8268,PhD,,Married,,,,
11051,PhD,77376,Together,,,,
8026,Graduation,62998,Married,,,,
433,Master,61331,Alone,,,,
9597,Graduation,73448,Married,,,,
1295,Graduation,,Married,,,,
5290,PhD,41551,Married,,,,
1685,PhD,62981,Together,,,,
5342,Basic,9548,Divorced,,,,
9579,PhD,33762,Married,,,,
7660,PhD,35860,Alone,,,,
1461,PhD,36921,Divorced,,,,
821,Master,92859,Single,,,,
11084,Master,65104,Together,,,,
8690,Graduation,86111,Married,,,,
2937,PhD,68352,Single,,,,
9701,Graduation,41883,Together,,,,
9949,Graduation,59809,Married,,,,
10837,Graduation,23957,Married,,,,
3120,Graduation,38547,Together,,,,
5885,2n Cycle,35688,Married,,,,
4050,Master,49605,Married,,,,
3830,Master,59354,Married,,,,
7987,Graduation,65747,Married,,,,
7798,2n Cycle,46344,Together,,,,
92,Graduation,34176,Alone,,,,
7055,PhD,61010,Together,,,,
10240,Graduation,69372,Together,,,,
3025,Graduation,49967,Single,,,,
9283,Graduation,60199,Single,,,,
9970,Graduation,55375,Together,,,,
2730,Graduation,80317,Single,,,,
2795,Master,30523,Single,,,,
9260,PhD,70356,Married,,,,
8182,Graduation,23228,Married,,,,
10095,PhD,74165,Divorced,,,,
8475,PhD,157243,Married,,,,
4370,Graduation,43482,Together,,,,
10573,Graduation,62551,Divorced,,,,
3712,Graduation,52332,Divorced,,,,
6637,Graduation,66951,Single,,,,
3152,Graduation,26091,Together,,,,
5610,Graduation,33456,Together,,,,
6460,Graduation,28718,Married,,,,
1349,Graduation,50447,Married,,,,
1880,PhD,53537,Together,,,,
641,Graduation,52074,Single,,,,
8717,PhD,80427,Married,,,,
10314,PhD,83837,Married,,,,
10854,PhD,38853,Married,,,,
10492,Graduation,38285,Together,,,,
6935,2n Cycle,78497,Married,,,,
7698,PhD,51650,Married,,,,
3559,2n Cycle,16248,Married,,,,
10562,Master,66835,Married,,,,
10796,Master,30477,Married,,,,
2563,Basic,28249,Married,,,,
3518,Graduation,25271,Married,,,,
5823,PhD,32303,Single,,,,
3934,Graduation,61286,Married,,,,
6982,Graduation,74068,Married,,,,
6431,PhD,45759,Married,,,,
9733,Basic,24882,Together,,,,
5602,PhD,66973,Together,,,,
7829,2n Cycle,36640,Divorced,,,,
1324,Graduation,38872,Married,,,,
326,Graduation,51148,Married,,,,
7224,Graduation,31353,Married,,,,
6999,Master,69661,Married,,,,
9938,Graduation,80067,Married,,,,
6422,Graduation,86718,Married,,,,
3182,PhD,46854,Single,,,,
7300,Graduation,69142,Divorced,,,,
10424,Graduation,75922,Single,,,,
8727,Graduation,63693,Divorced,,,,
2798,PhD,102160,Together,,,,
1030,PhD,40637,Single,,,,
624,Master,18890,Single,,,,
5176,Graduation,29604,Together,,,,
5552,Master,48721,Divorced,,,,
868,Graduation,44794,Married,,,,
380,Graduation,64497,Divorced,,,,
2677,Graduation,46097,Together,,,,
6521,Graduation,77972,Together,,,,
6927,PhD,44377,Married,,,,
2877,Master,46014,Together,,,,
0,Graduation,70951,Married,,,,
1584,Graduation,41443,Married,,,,
7264,2n Cycle,52195,Single,,,,
6274,Master,83790,Married,,,,
1377,Master,44551,Widow,,,,
454,Graduation,69508,Together,,,,
1755,2n Cycle,45204,Together,,,,
2075,Graduation,72460,Married,,,,
4785,PhD,77622,Together,,,,
9076,PhD,30732,Married,,,,
7079,Graduation,63887,Divorced,,,,
4653,Graduation,42011,Together,,,,
7375,Graduation,51369,Together,,,,
709,Graduation,51537,Divorced,,,,
460,PhD,79930,Married,,,,
3726,PhD,34320,Together,,,,
6798,Graduation,37070,Single,,,,
5341,2n Cycle,81975,Divorced,,,,
1606,Graduation,38590,Together,,,,
9617,Graduation,15033,Single,,,,
3233,PhD,62745,Married,,,,
89,2n Cycle,22212,Married,,,,
2936,Master,23661,Together,,,,
9449,PhD,79761,Single,,,,
7297,Graduation,7500,Single,,,,
11004,2n Cycle,60182,Single,,,,
313,Graduation,73455,Widow,,,,
9940,Graduation,64961,Together,,,,
10735,Graduation,22804,Single,,,,
9529,Graduation,73687,Married,,,,
6439,Graduation,61074,Married,,,,
7411,PhD,31686,Married,,,,
2176,Graduation,80134,Married,,,,
9265,Graduation,75027,Married,,,,
8867,PhD,67546,Married,,,,
8932,Master,65176,Together,,,,
10236,Master,31160,Single,,,,
6340,Graduation,29938,Single,,,,
10089,Graduation,102692,Divorced,,,,
2227,2n Cycle,26490,Together,,,,
10992,Graduation,75702,Together,,,,
5304,PhD,30899,Single,,,,
309,PhD,63342,Together,,,,
3406,Graduation,45989,Single,,,,
2661,Graduation,18701,Single,,,,
3153,PhD,40737,Single,,,,
10264,Graduation,15287,Divorced,,,,
1184,PhD,69674,Divorced,,,,
4200,Master,44159,Married,,,,
9396,PhD,37717,Married,,,,
2387,Master,43776,Together,,,,
6690,Master,38179,Married,,,,
1225,Graduation,80124,Married,,,,
9703,PhD,38097,Married,,,,
291,Graduation,72940,Married,,,,
4557,Graduation,22070,Together,,,,
2379,Graduation,69267,Single,,,,
5726,Master,31788,Single,,,,
3066,PhD,61905,Together,,,,
6336,Graduation,29315,Married,,,,
10967,Graduation,33378,Divorced,,,,
2304,PhD,66313,Together,,,,
3445,Graduation,60714,Single,,,,
7828,Master,77882,Together,,,,
3762,PhD,69867,Single,,,,
4391,Master,63841,Divorced,,,,
4669,Basic,24480,Married,,,,
10144,Graduation,51369,Together,,,,
8652,Graduation,37760,Together,,,,
1672,PhD,65640,Together,,,,
8962,Master,44319,Married,,,,
9974,Graduation,30631,Married,,,,
10983,Graduation,75278,Together,,,,
8148,Master,50898,Together,,,,
10102,Graduation,79946,Widow,,,,
4697,Master,35416,Divorced,,,,
9262,2n Cycle,32414,Together,,,,
7254,Graduation,38361,Together,,,,
4543,Graduation,82497,Married,,,,
4927,Graduation,16626,Together,,,,
10451,Graduation,29672,Together,,,,
2926,Master,55951,Together,,,,
2874,2n Cycle,35388,Divorced,,,,
9738,Master,42386,Together,,,,
7119,Graduation,68627,Single,,,,
3924,PhD,57912,Divorced,,,,
5827,Graduation,35246,Divorced,,,,
5596,2n Cycle,58821,Together,,,,
10812,PhD,46377,Married,,,,
1717,Graduation,39747,Single,,,,
9491,Graduation,23976,Together,,,,
9274,Master,80950,Married,,,,
6609,Graduation,27038,Widow,,,,
6963,Graduation,77457,Single,,,,
4440,Master,64100,Married,,,,
1379,Master,42670,Together,,,,
10032,Graduation,12571,Divorced,,,,
2826,Graduation,22574,Married,,,,
2437,Graduation,,Married,,,,
6320,Master,70893,Single,,,,
3050,Graduation,54198,Married,,,,
231,Master,28839,Together,,,,
2392,Graduation,40321,Married,,,,
9478,Graduation,66503,Single,,,,
113,Graduation,30833,Married,,,,
2863,Graduation,,Single,,,,
1802,Graduation,64795,Married,,,,
520,Graduation,34421,Married,,,,
8275,PhD,47025,Divorced,,,,
9750,PhD,64325,Divorced,,,,
2607,Graduation,40464,Single,,,,
7214,Graduation,62187,Married,,,,
5835,PhD,14849,Divorced,,,,
3896,Graduation,27255,Married,,,,
10350,PhD,54432,Married,,,,
7786,PhD,29999,Single,,,,
2861,Graduation,24072,Single,,,,
663,PhD,33996,Single,,,,
10675,PhD,66334,Married,,,,
2521,Master,35178,Married,,,,
9592,Graduation,22010,Together,,,,
10151,Graduation,62204,Divorced,,,,
7381,Graduation,75693,Divorced,,,,
4099,Graduation,30675,Married,,,,
9560,Graduation,83003,Together,,,,
1150,PhD,83532,Together,,,,
10172,Graduation,68655,Single,,,,
11191,Graduation,41411,Divorced,,,,
9707,PhD,55212,Married,,,,
6245,PhD,59292,Together,,,,
8234,Basic,27190,Together,,,,
1411,Graduation,82623,Divorced,,,,
8553,Graduation,44300,Married,,,,
1826,Graduation,84835,Divorced,,,,
8842,Graduation,30372,Widow,,,,
11030,Master,33181,Married,,,,
2579,Graduation,71113,Married,,,,
175,Graduation,71952,Married,,,,
9185,PhD,69759,Single,,,,
11056,Graduation,72099,Married,,,,
9365,PhD,60000,Single,,,,
6201,Graduation,38643,Single,,,,
2061,Graduation,50737,Married,,,,
6184,PhD,68462,Married,,,,
6142,Master,65073,Married,,,,
4107,PhD,46681,Together,,,,
7274,Graduation,78618,Married,,,,
9336,PhD,62187,Widow,,,,
2958,Graduation,28442,Married,,,,
933,PhD,37717,Married,,,,
5837,Graduation,51479,Married,,,,
10704,Graduation,54803,Single,,,,
5125,Graduation,79530,Married,,,,
4432,Graduation,31615,Divorced,,,,
5955,Graduation,72025,Together,,,,
2928,PhD,52614,Single,,,,
5680,2n Cycle,35684,Married,,,,
10313,Graduation,48178,Married,,,,
2557,Master,29548,Single,,,,
1245,Graduation,63810,Single,,,,
1519,PhD,38578,Single,,,,
10703,Master,46098,Single,,,,
1726,Graduation,22585,Single,,,,
4459,Graduation,30279,Single,,,,
1729,PhD,66426,Together,,,,
1517,Graduation,30822,Single,,,,
2098,PhD,33581,Married,,,,
9543,Graduation,19986,Married,,,,
6878,Graduation,27421,Widow,,,,
3310,2n Cycle,35688,Married,,,,
2724,Master,36143,Single,,,,
948,Graduation,10245,Single,,,,
6720,Master,43795,Together,,,,
6202,Graduation,63381,Together,,,,
2066,Graduation,38823,Together,,,,
9799,PhD,83664,Divorced,,,,
8318,Graduation,90300,Together,,,,
5642,Master,62499,Together,,,,
2669,Graduation,74293,Single,,,,
455,PhD,51012,Married,,,,
7683,Master,70777,Married,,,,
3428,PhD,68682,Together,,,,
7414,Graduation,43824,Married,,,,
6354,Graduation,15345,Together,,,,
798,Graduation,23442,Single,,,,
8213,2n Cycle,14515,Together,,,,
2488,2n Cycle,31395,Divorced,,,,
9999,Graduation,75276,Together,,,,
7617,Graduation,42373,Single,,,,
615,Graduation,30507,Together,,,,
2552,PhD,55521,Single,,,,
194,Graduation,48006,Married,,,,
3645,PhD,27213,Single,,,,
8890,PhD,65808,Divorced,,,,
5049,PhD,30351,Together,,,,
9973,Graduation,50437,Married,,,,
7301,2n Cycle,23616,Single,,,,
10882,Graduation,53858,Married,,,,
7030,PhD,66465,Married,,,,
7422,Graduation,46923,Single,,,,
3523,Graduation,75072,Together,,,,
7106,PhD,75865,Married,,,,
6504,2n Cycle,19789,Together,,,,
5067,Graduation,80134,Together,,,,
4216,Graduation,91065,Single,,,,
8581,Master,49505,Married,,,,
5929,PhD,37401,Married,,,,
3129,Graduation,30096,Married,,,,
6528,Master,18492,Together,,,,
1361,Master,82584,Married,,,,
6932,PhD,93027,Married,,,,
7284,Graduation,48686,Married,,,,
1340,Graduation,92910,Married,,,,
8746,Graduation,75433,Married,,,,
5987,2n Cycle,10404,Together,,,,
3767,Graduation,61314,Married,,,,
3725,PhD,84865,Single,,,,
4324,Graduation,42387,Married,,,,
238,2n Cycle,67309,Together,,,,
6694,Graduation,75236,Married,,,,
498,Graduation,30015,Single,,,,
9347,Master,50943,Together,,,,
9699,Graduation,67272,Divorced,,,,
10664,Master,51529,Widow,,,,
5455,PhD,32011,Married,,,,
456,2n Cycle,7500,Married,,,,
5012,Graduation,28691,Married,,,,
7495,PhD,56223,Married,,,,
5029,Graduation,18100,Married,,,,
10642,Graduation,30279,Single,,,,
2106,2n Cycle,20130,Married,,,,
10364,Graduation,23295,Divorced,,,,
5954,Master,42618,Divorced,,,,
1137,Graduation,81246,Single,,,,
2541,Graduation,24027,Married,,,,
1142,PhD,55707,Married,,,,
2276,Graduation,57959,Single,,,,
2807,Graduation,56796,Married,,,,
6471,Master,36230,Single,,,,
6131,2n Cycle,70829,Married,,,,
6233,Graduation,65991,Married,,,,
4148,Graduation,38988,Married,,,,
4947,2n Cycle,89572,Single,,,,
3225,Master,42207,Married,,,,
7540,Graduation,50300,Married,,,,
10648,2n Cycle,66664,Together,,,,
1992,Graduation,60597,Married,,,,
7851,Graduation,70165,Widow,,,,
8594,PhD,50520,Widow,,,,
7059,Graduation,80124,Married,,,,
2815,Graduation,33183,Married,,,,
2416,PhD,66582,Single,,,,
7999,PhD,75261,Together,,,,
9213,Graduation,31880,Widow,,,,
9697,Graduation,53790,Married,,,,
3916,PhD,49269,Together,,,,
2021,Graduation,61456,Married,,,,
1581,Graduation,37406,Married,,,,
564,PhD,56937,Together,,,,
6619,Graduation,38415,Married,,,,
9081,Graduation,20518,Single,,,,
178,Graduation,62503,Married,,,,
916,PhD,41644,Single,,,,
5512,Master,55842,Married,,,,
8970,PhD,62010,Married,,,,
10581,Graduation,41124,Married,,,,
5300,Master,38961,Married,,,,
5154,Master,37760,Divorced,,,,
8346,Graduation,32233,Single,,,,
1676,Graduation,43057,Married,,,,
9286,Master,83151,Together,,,,
2426,PhD,78825,Divorced,,,,
5172,Master,65104,Together,,,,
5562,Graduation,60093,Married,,,,
3436,Graduation,14045,Married,,,,
3921,2n Cycle,28457,Widow,,,,
3403,PhD,78952,Together,,,,
22,Graduation,46310,Divorced,,,,
10965,Graduation,76005,Together,,,,
9426,Master,58308,Single,,,,
6605,PhD,55614,Divorced,,,,
3136,Master,59432,Divorced,,,,
8737,Graduation,55563,Divorced,,,,
11088,PhD,78642,Together,,,,
716,PhD,67911,Together,,,,
466,Graduation,65275,Married,,,,
9135,Graduation,27203,Together,,,,
10623,Master,48330,Together,,,,
8151,Basic,24279,Married,,,,
5140,PhD,64355,Married,,,,
10160,Master,50943,Together,,,,
4945,Graduation,53653,Widow,,,,
10584,Graduation,65665,Married,,,,
6071,Graduation,81217,Single,,,,
3386,Graduation,34935,Married,,,,
8939,Graduation,61250,Divorced,,,,
9925,PhD,39665,Together,,,,
4320,Graduation,60152,Single,,,,
5389,Graduation,48920,Married,,,,
6036,Master,89120,Together,,,,
182,PhD,44124,Together,,,,
203,Master,81169,Single,,,,
11025,Graduation,36443,Married,,,,
10203,Graduation,26095,Single,,,,
4607,Graduation,71367,Together,,,,
3711,Master,80184,Married,,,,
3696,Graduation,30630,Divorced,,,,
2532,Master,73454,Single,,,,
9214,Graduation,42691,Married,,,,
4943,Graduation,70503,Married,,,,
35,Graduation,25545,Married,,,,
2258,Graduation,32880,Married,,,,
4322,PhD,77863,Together,,,,
713,Master,50353,Married,,,,
4702,Graduation,61839,Single,,,,
3281,PhD,49154,Married,,,,
702,2n Cycle,47682,Widow,,,,
2004,Graduation,72679,Single,,,,
4769,Master,57954,Together,,,,
4437,Graduation,65316,Married,,,,
8724,Graduation,28567,Single,,,,
10741,Master,47352,Together,,,,
1991,Graduation,44931,Together,,,,
6931,Graduation,76982,Divorced,,,,
11096,2n Cycle,57247,Together,,,,
304,Master,22944,Single,,,,
3665,2n Cycle,25315,Together,,,,
10591,Graduation,43638,Widow,,,,
5036,PhD,42710,Single,,,,
5547,PhD,84169,Married,,,,
7822,Graduation,54058,Together,,,,
8541,2n Cycle,24683,Married,,,,
10955,Graduation,85620,Widow,,,,
4368,Graduation,47850,Married,,,,
9671,Graduation,19514,Married,,,,
2256,Master,27159,Married,,,,
4279,2n Cycle,39548,Single,,,,
5371,Graduation,21474,Single,,,,
9240,PhD,60504,Single,,,,
9460,Graduation,22419,Married,,,,
9504,Master,81698,Married,,,,
8692,Graduation,43462,Together,,,,
448,PhD,54880,Single,,,,
8314,Graduation,79908,Married,,,,
8420,2n Cycle,15315,Married,,,,
3174,Graduation,87771,Together,,,,
7685,Graduation,33039,Married,,,,
3179,Graduation,81741,Single,,,,
9780,Master,71499,Together,,,,
10681,2n Cycle,62466,Married,,,,
10232,PhD,48799,Divorced,,,,
4184,PhD,52157,Together,,,,
9120,Graduation,66565,Single,,,,
891,Master,29298,Together,,,,
10381,Graduation,47691,Single,,,,
3525,Graduation,38200,Together,,,,
6818,Graduation,44989,Married,,,,
3526,PhD,38443,Married,,,,
8181,2n Cycle,38593,Single,,,,
1029,PhD,64413,Together,,,,
7369,Master,36959,Married,,,,
2574,PhD,61996,Married,,,,
8159,Graduation,51287,Married,,,,
1160,Graduation,13260,Married,,,,
10242,PhD,47472,Together,,,,
5253,Master,54603,Together,,,,
5966,PhD,45207,Married,,,,
5314,Graduation,40689,Together,,,,
5081,2n Cycle,47821,Together,,,,
5123,Master,27450,Married,,,,
5756,Graduation,39453,Together,,,,
8036,2n Cycle,26850,Together,,,,
9058,Graduation,79800,Widow,,,,
5057,Master,61794,Married,,,,
254,Graduation,53863,Together,,,,
4179,Graduation,24221,Together,,,,
3710,PhD,39684,Single,,,,
7627,Master,92163,Married,,,,
4501,Master,69882,Single,,,,
6424,Graduation,33178,Together,,,,
3075,PhD,59973,Married,,,,
4992,Master,17459,Together,,,,
5252,Graduation,23910,Divorced,,,,
7444,Master,42169,Married,,,,
6919,2n Cycle,26224,Married,,,,
3537,Graduation,31089,Together,,,,
10277,Graduation,30081,Single,,,,
2453,Graduation,62807,Together,,,,
7972,Graduation,72906,Single,,,,
895,PhD,61467,Married,,,,
1177,Master,49618,Together,,,,
7141,Master,21888,Single,,,,
7232,Graduation,42429,Widow,,,,
8477,Graduation,26150,Divorced,,,,
2457,Basic,30801,Married,,,,
988,Graduation,81168,Married,,,,
7930,Master,26877,Single,,,,
4587,Master,45006,Widow,,,,
6682,Basic,18978,Married,,,,
6222,Graduation,22574,Married,,,,
10299,PhD,48240,Single,,,,
3083,Graduation,45837,Married,,,,
8953,Master,35791,Single,,,,
1503,PhD,162397,Together,,,,
8650,Graduation,54162,Widow,,,,
10862,Master,30522,Married,,,,
2782,PhD,54456,Married,,,,
6941,Graduation,31632,Single,,,,
10972,Graduation,72298,Widow,,,,
10708,2n Cycle,36975,Single,,,,
6583,2n Cycle,72635,Married,,,,
3641,Graduation,13624,Married,,,,
10156,Graduation,84196,Single,,,,
4299,Graduation,70971,Together,,,,
3469,PhD,34487,Divorced,,,,
5063,Graduation,28769,Single,,,,
10727,PhD,69084,Married,,,,
9624,PhD,65488,Together,,,,
5156,2n Cycle,62466,Married,,,,
4376,2n Cycle,32218,Single,,,,
8923,Graduation,83917,Single,,,,
8461,Graduation,46102,Divorced,,,,
6945,Graduation,84574,Single,,,,
944,Graduation,56181,Married,,,,
1907,Master,63120,Divorced,,,,
701,Graduation,73691,Married,,,,
3856,Graduation,63381,Together,,,,
4149,PhD,76140,Together,,,,
2131,PhD,62859,Divorced,,,,
2942,Graduation,45906,Single,,,,
1173,Master,77632,Together,,,,
4381,PhD,46463,Married,,,,
4611,Graduation,105471,Together,,,,
3376,Master,55282,Divorced,,,,
4679,Master,78710,Married,,,,
10928,Graduation,66886,Together,,,,
4248,Master,98777,Single,,,,
6728,Graduation,29103,Together,,,,
6661,Graduation,67445,Married,,,,
4725,PhD,50616,Together,,,,
3277,Graduation,49431,Divorced,,,,
5555,Graduation,153924,Divorced,,,,
2564,Graduation,61278,Together,,,,
946,2n Cycle,26490,Together,,,,
3867,PhD,73059,Together,,,,
6940,PhD,46734,Single,,,,
55,Graduation,56253,Together,,,,
7093,Graduation,19986,Married,,,,
5084,Graduation,58330,Widow,,,,
1777,Basic,25965,Married,,,,
8162,Master,14661,Together,,,,
10826,Graduation,18690,Married,,,,
8754,PhD,45068,Together,,,,
1987,Basic,21063,Single,,,,
11007,PhD,29187,Married,,,,
7426,2n Cycle,54690,Married,,,,
9153,PhD,59304,Married,,,,
10379,Master,59247,Single,,,,
9204,Graduation,66731,Widow,,,,
3197,Graduation,77353,Married,,,,
2920,PhD,52614,Single,,,,
6961,Graduation,26751,Married,,,,
4673,PhD,81300,Married,,,,
9937,Graduation,70337,Single,,,,
8779,2n Cycle,36145,Married,,,,
9596,PhD,65295,Single,,,,
2891,Graduation,68118,Divorced,,,,
4910,Graduation,68743,Divorced,,,,
75,2n Cycle,41039,Together,,,,
10120,Graduation,38946,Together,,,,
6327,Graduation,65777,Together,,,,
10142,PhD,66476,Divorced,,,,
9826,PhD,86857,Single,,,,
1501,PhD,160803,Married,,,,
10767,PhD,77845,Together,,,,
7279,PhD,69476,Together,,,,
7230,PhD,50611,Divorced,,,,
143,Graduation,61209,Single,,,,
450,Master,42315,Together,,,,
9316,Basic,13084,Together,,,,
6379,Master,47570,Widow,,,,
9239,Master,61923,Married,,,,
8315,Graduation,34824,Single,,,,
2868,PhD,26518,Single,,,,
10888,Graduation,45938,Single,,,,
1277,Graduation,78468,Together,,,,
9977,Graduation,78901,Divorced,,,,
10196,Graduation,71427,Married,,,,
6384,Graduation,71022,Divorced,,,,
8029,Master,90247,Single,,,,
968,Master,41335,Divorced,,,,
6988,Graduation,71952,Married,,,,
4472,PhD,35682,Divorced,,,,
6991,Graduation,43185,Divorced,,,,
3336,PhD,66375,Together,,,,
4301,Master,35178,Married,,,,
1940,Graduation,25252,Married,,,,
1272,Master,55250,Single,,,,
1388,Graduation,33249,Single,,,,
1044,Graduation,58398,Together,,,,
6969,Graduation,50272,Together,,,,
10479,PhD,76618,Married,,,,
3619,2n Cycle,87305,Divorced,,,,
1715,Graduation,25851,Together,,,,
10159,Graduation,58710,Divorced,,,,
1463,Graduation,45160,Single,,,,
5114,Master,74806,Married,,,,
4990,Graduation,59111,Married,,,,
4329,PhD,18988,Married,,,,
10936,Graduation,72190,Married,,,,
4692,Graduation,7500,Married,,,,
7212,Graduation,44794,Married,,,,
6086,Graduation,80395,Married,,,,
437,Master,75012,Divorced,,,,
11171,Master,56962,Married,,,,
11101,Graduation,89891,Together,,,,
5329,PhD,35946,Divorced,,,,
610,PhD,53593,Together,,,,
9384,Graduation,66373,Married,,,,
5956,PhD,45072,Divorced,,,,
10430,Graduation,89694,Divorced,,,,
7875,Graduation,72025,Married,,,,
7072,Graduation,67432,Married,,,,
6255,Master,70545,Together,,,,
6516,Basic,17487,Married,,,,
5564,Graduation,62882,Together,,,,
5682,PhD,64108,Single,,,,
7458,Master,34941,Together,,,,
5237,PhD,48767,Single,,,,
7761,2n Cycle,38702,Together,,,,
5278,Graduation,82224,Married,,,,
3560,Graduation,83844,Together,,,,
7235,2n Cycle,17003,Married,,,,
10548,Graduation,71163,Single,,,,
2281,Graduation,33697,Single,,,,
4073,2n Cycle,63564,Married,,,,
6974,PhD,83443,Together,,,,
7938,PhD,51518,Together,,,,
7094,Graduation,58330,Widow,,,,
3667,Graduation,80952,Married,,,,
7723,Graduation,75507,Together,,,,
3870,2n Cycle,63855,Together,,,,
4012,PhD,62220,Together,,,,
5909,Graduation,58512,Married,,,,
10470,Master,40662,Married,,,,
6488,PhD,38829,Married,,,,
10270,2n Cycle,35523,Married,,,,
6887,Graduation,79146,Single,,,,
6406,Master,78285,Married,,,,
7573,PhD,31626,Single,,,,
4508,Graduation,75127,Single,,,,
221,Graduation,48726,Married,,,,
5331,Graduation,74985,Married,,,,
1911,Graduation,67430,Together,,,,
20,2n Cycle,46891,Married,,,,
8786,Master,62058,Married,,,,
10582,Graduation,72063,Married,,,,
1915,PhD,78939,Married,,,,
8897,Graduation,42720,Single,,,,
2371,Graduation,33622,Married,,,,
4303,PhD,6835,Together,,,,
6825,Graduation,41452,Together,,,,
1072,PhD,40760,Single,,,,
4964,PhD,74250,Together,,,,
2461,Master,51124,Single,,,,
10736,Graduation,72258,Single,,,,
3194,PhD,71466,Single,,,,
10839,Graduation,36283,Together,,,,
49,Graduation,20587,Single,,,,
4290,Graduation,30467,Married,,,,
10219,Graduation,31590,Together,,,,
4211,Basic,20425,Married,,,,
1135,Master,17144,Together,,,,
6299,PhD,42564,Divorced,,,,
10846,Master,43783,Married,,,,
347,Graduation,40780,Divorced,,,,
6543,Master,62847,Together,,,,
10446,PhD,82017,Married,,,,
3479,Graduation,16813,Single,,,,
11075,Graduation,51267,Married,,,,
4442,Graduation,46524,Single,,,,
199,Master,45183,Single,,,,
6722,PhD,70421,Married,,,,
796,2n Cycle,60161,Divorced,,,,
3749,Graduation,73926,Together,,,,
8523,Graduation,19329,Married,,,,
310,Master,61872,Married,,,,
8629,Graduation,46984,Widow,,,,
236,Graduation,34838,Married,,,,
9930,PhD,82716,Single,,,,
3483,Graduation,48192,Married,,,,
4599,Master,49681,Married,,,,
7326,Master,56850,Married,,,,
7352,Graduation,55267,Married,,,,
2350,Graduation,59666,Married,,,,
9145,Graduation,72504,Single,,,,
2964,Graduation,26872,Married,,,,
5585,Graduation,21359,Single,,,,
9687,Graduation,73170,Single,,,,
3732,Master,52750,Married,,,,
6303,PhD,91820,Together,,,,
11176,PhD,65968,Together,,,,
2986,Graduation,30772,Married,,,,
7462,Graduation,22507,Single,,,,
3900,Graduation,65685,Married,,,,
7034,2n Cycle,25804,Married,,,,
9493,PhD,76412,Single,,,,
1143,Graduation,22063,Married,,,,
1,Graduation,57091,Single,,,,
3855,Graduation,22419,Married,,,,
5536,Graduation,87771,Together,,,,
5989,2n Cycle,78353,Divorced,,,,
9499,Graduation,93404,Married,,,,
6768,Graduation,37859,Divorced,,,,
2150,PhD,80995,Widow,,,,
6646,Graduation,16529,Together,,,,
4887,PhD,55412,Divorced,,,,
8560,Graduation,48789,Single,,,,
3321,PhD,56575,Together,,,,
11003,2n Cycle,25130,Together,,,,
10402,Graduation,35441,Married,,,,
9904,Graduation,71391,Married,,,,
6141,Master,49494,Single,,,,
5687,Graduation,81702,Divorced,,,,
10856,2n Cycle,45889,Single,,,,
5121,Graduation,56628,Single,,,,
4186,Graduation,34026,Together,,,,
368,Graduation,40049,Married,,,,
3312,Graduation,34176,Single,,,,
11121,Graduation,19419,Married,,,,
5332,2n Cycle,82504,Married,,,,
5848,Graduation,81205,Together,,,,
10343,2n Cycle,61618,Single,,,,
5935,Master,55284,Single,,,,
2895,Graduation,49980,Single,,,,
10262,Graduation,15072,Married,,,,
7848,Graduation,49166,Single,,,,
9477,PhD,65324,Married,,,,
4856,2n Cycle,82347,Married,,,,
7186,PhD,30843,Together,,,,
5794,PhD,46374,Married,,,,
1456,Graduation,60474,Single,,,,
4877,Master,38576,Married,,,,
425,Graduation,55357,Married,,,,
3007,Graduation,37758,Together,,,,
1031,2n Cycle,85710,Married,,,,
4297,Graduation,23228,Together,,,,
807,Master,44602,Together,,,,
9553,Graduation,7500,Married,,,,
4271,2n Cycle,38683,Together,,,,
4120,2n Cycle,49514,Single,,,,
2036,PhD,57906,Together,,,,
115,Master,43456,Single,,,,
4259,Master,19485,Single,,,,
8687,Graduation,53172,Together,,,,
2447,Graduation,30545,Together,,,,
10140,PhD,70123,Together,,,,
9353,Graduation,62450,Single,,,,
3623,Graduation,21675,Together,,,,
738,2n Cycle,42395,Single,,,,
7631,Master,61346,Together,,,,
4789,Graduation,80812,Together,,,,
773,Master,42835,Divorced,,,,
10602,Graduation,39922,Married,,,,
1446,Master,86424,Single,,,,
3270,2n Cycle,17117,Together,,,,
8443,Graduation,24762,Single,,,,
9653,Graduation,35797,Married,,,,
8916,Graduation,36627,Divorced,,,,
8017,2n Cycle,51111,Married,,,,
5830,PhD,86857,Single,,,,
4597,PhD,82072,Together,,,,
7023,PhD,46231,Single,,,,
8086,Graduation,42243,Married,,,,
8825,Graduation,51195,Together,,,,
2930,Master,68092,Single,,,,
1928,Graduation,31814,Married,,,,
7108,Master,51390,Widow,,,,
10925,Graduation,76630,Married,,,,
9960,Basic,26868,Single,,,,
8800,PhD,48948,Divorced,,,,
9224,PhD,55260,Single,,,,
5519,Graduation,64090,Together,,,,
5046,Graduation,78331,Divorced,,,,
7037,PhD,37087,Married,,,,
905,Graduation,21846,Divorced,,,,
8624,Graduation,81320,Married,,,,
8945,Graduation,54137,Divorced,,,,
6445,Graduation,66825,Together,,,,
2727,Graduation,57100,Together,,,,
6404,Graduation,58917,Together,,,,
11074,Graduation,85072,Single,,,,
10150,Graduation,86429,Single,,,,
1968,Graduation,45684,Widow,,,,
6534,Graduation,47889,Together,,,,
9485,PhD,45921,Married,,,,
7053,PhD,78420,Single,,,,
4654,Graduation,75114,Together,,,,
9760,PhD,52278,Widow,,,,
1048,Master,35641,Married,,,,
10619,Graduation,95529,Single,,,,
9308,Graduation,62820,Married,,,,
10505,Master,73113,Together,,,,
8362,PhD,84169,Married,,,,
2625,2n Cycle,42607,Single,,,,
4637,PhD,74637,Single,,,,
9972,PhD,46015,Together,,,,
4483,Graduation,72354,Single,,,,
4487,Master,39858,Single,,,,
4988,PhD,34469,Married,,,,
8931,Graduation,83033,Together,,,,
5871,Master,24401,Together,,,,
2008,Graduation,77583,Married,,,,
3139,2n Cycle,74116,Single,,,,
10037,Graduation,74293,Single,,,,
10673,PhD,68397,Married,,,,
5303,PhD,79632,Together,,,,
538,Graduation,46107,Single,,,,
7922,PhD,64950,Single,,,,
5692,Basic,25443,Married,,,,
4843,Graduation,75127,Single,,,,
6383,PhD,32892,Together,,,,
1628,Graduation,71796,Together,,,,
1204,PhD,67536,Married,,,,
3673,Graduation,55239,Single,,,,
760,PhD,60554,Divorced,,,,
8957,2n Cycle,64831,Single,,,,
4128,PhD,56067,Together,,,,
6810,Graduation,82025,Divorced,,,,
5386,Graduation,94384,Together,,,,
8700,Basic,14906,Single,,,,
3202,PhD,51563,Married,,,,
1328,2n Cycle,57937,Married,,,,
8405,Graduation,68274,Divorced,,,,
6515,Graduation,39771,Together,,,,
2882,2n Cycle,67893,Divorced,,,,
7574,PhD,27922,Together,,,,
6387,PhD,52190,Together,,,,
5320,Master,44051,Divorced,,,,
5048,PhD,42767,Single,,,,
8146,Master,46106,Together,,,,
10031,PhD,16927,Married,,,,
5748,Graduation,59754,Married,,,,
2134,Graduation,53700,Single,,,,
1523,Graduation,59041,Married,,,,
9665,PhD,54237,Divorced,,,,
4640,Graduation,70647,Divorced,,,,
3635,PhD,52597,Single,,,,
3547,Master,41021,Together,,,,
2456,PhD,40233,Married,,,,
5633,Graduation,50183,Married,,,,
7801,Graduation,54753,Together,,,,
10489,Graduation,92955,Married,,,,
7011,Graduation,33471,Married,,,,
2620,PhD,34596,Married,,,,
3933,Graduation,44010,Together,,,,
10981,Graduation,84219,Married,,,,
1734,PhD,40706,Together,,,,
10995,2n Cycle,15716,Married,,,,
6357,2n Cycle,59052,Divorced,,,,
9209,Master,80573,Together,,,,
10286,Graduation,83715,Married,,,,
2611,Master,82576,Together,,,,
1600,Master,56962,Married,,,,
3308,Graduation,35704,Married,,,,
5407,Graduation,53103,Together,,,,
2166,2n Cycle,46779,Widow,,,,
3955,Graduation,4861,Divorced,,,,
6634,Master,33462,Divorced,,,,
3056,Graduation,63693,Divorced,,,,
5718,Graduation,80763,Married,,,,
6872,PhD,65352,Married,,,,
8164,PhD,82170,Married,,,,
4580,Graduation,75759,Married,,,,
9305,2n Cycle,79689,Single,,,,
453,PhD,35340,Widow,,,,
8545,Graduation,85683,Divorced,,,,
9850,2n Cycle,24884,Married,,,,
7378,Master,42021,Together,,,,
7646,Graduation,64449,Single,,,,
1640,Graduation,64587,Divorced,,,,
5184,Graduation,34824,Single,,,,
8492,Graduation,75437,Together,,,,
11188,Graduation,26091,Together,,,,
1212,Graduation,52845,Married,,,,
9097,Graduation,46086,Divorced,,,,
10473,PhD,78028,Widow,,,,
7962,PhD,95169,Single,,,,
9984,2n Cycle,56337,Married,,,,
5527,Graduation,22434,Together,,,,
6374,PhD,36930,Married,,,,
7453,Graduation,36130,Single,,,,
8952,Master,65569,Married,,,,
241,Graduation,83844,Together,,,,
8975,Graduation,19514,Married,,,,
6119,PhD,36736,Single,,,,
5236,Graduation,77568,Together,,,,
5723,PhD,49187,Together,,,,
1710,Graduation,30168,Single,,,,
1970,Master,34053,Together,,,,
5313,Master,38196,Married,,,,
10634,Master,59412,Married,,,,
7010,2n Cycle,70924,Married,,,,
8562,Graduation,54165,Together,,,,
3158,Graduation,32300,Married,,,,
4436,Graduation,20180,Single,,,,
5287,Graduation,34961,Married,,,,
2445,PhD,28440,Together,,,,
6059,PhD,64504,Together,,,,
4550,Master,33564,Together,,,,
4240,Graduation,17345,Married,,,,
8911,PhD,56320,Married,,,,
3706,Graduation,28647,Single,,,,
3628,Basic,15038,Single,,,,
10175,PhD,32173,Divorced,,,,
8985,2n Cycle,68316,Together,,,,
5204,Graduation,74538,Together,,,,
9220,Graduation,91700,Single,,,,
9888,Graduation,68695,Together,,,,
5263,2n Cycle,31056,Married,,,,
1020,Graduation,79593,Married,,,,
9503,Graduation,28071,Single,,,,
10613,PhD,37334,Together,,,,
67,Master,46423,Single,,,,
6019,PhD,37126,Married,,,,
5863,Graduation,47703,Married,,,,
3717,Graduation,61180,Married,,,,
6730,Graduation,38998,Married,,,,
10749,Graduation,8028,Single,,,,
4998,Graduation,76081,Together,,,,
6287,Graduation,34728,Together,,,,
5985,Master,33168,Single,,,,
4754,Master,33585,Married,,,,
4002,PhD,77037,Married,,,,
8870,Graduation,35196,Together,,,,
966,Graduation,44529,Married,,,,
4767,2n Cycle,70924,Married,,,,
9725,PhD,28764,Together,,,,
4475,PhD,69098,Married,,,,
5740,2n Cycle,25959,Divorced,,,,
5731,Master,27100,Married,,,,
7290,Graduation,70596,Single,,,,
3846,Graduation,42557,Married,,,,
8104,PhD,53312,Married,,,,
4507,Graduation,72228,Single,,,,
11013,Graduation,67605,Together,,,,
4491,Master,62845,Married,,,,
3759,Graduation,65196,Together,,,,
1162,PhD,42000,Single,,,,
2055,PhD,35860,Divorced,,,,
10766,PhD,65526,Married,,,,
4415,Graduation,16860,Married,,,,
3005,Graduation,83528,Single,,,,
2223,2n Cycle,64176,Divorced,,,,
4817,Graduation,22304,Divorced,,,,
2875,Graduation,67023,Married,,,,
10536,PhD,32892,Together,,,,
11112,Graduation,70713,Together,,,,
3807,Graduation,59925,Together,,,,
9197,Graduation,39722,Married,,,,
10832,Graduation,46610,Together,,,,
6421,Graduation,88347,Together,,,,
4207,PhD,87171,Married,,,,
577,2n Cycle,26907,Together,,,,
10855,Master,50014,Single,,,,
3081,PhD,41014,Married,,,,
3535,Graduation,66294,Single,,,,
247,Graduation,36715,Married,,,,
8707,Graduation,79456,Married,,,,
9523,Graduation,40479,Together,,,,
6072,Master,75345,Single,,,,
6295,Graduation,54233,Married,,,,
10914,Graduation,24163,Single,,,,
1509,PhD,84460,Together,,,,
5577,Graduation,43776,Together,,,,
7348,PhD,71691,Single,,,,
1127,PhD,85844,Married,,,,
1833,PhD,39190,Single,,,,
4944,Graduation,71367,Together,,,,
9080,PhD,38578,Single,,,,
6466,PhD,57236,Married,,,,
9964,Graduation,61825,Single,,,,
4790,Graduation,79803,Divorced,,,,
10245,2n Cycle,80910,Single,,,,
1109,Master,27590,Together,,,,
6001,Graduation,56775,Married,,,,
5538,Graduation,83829,Divorced,,,,
10552,2n Cycle,54210,Married,,,,
1545,Graduation,38508,Married,,,,
7409,Graduation,53187,Together,,,,
4444,Graduation,30023,Married,,,,
146,PhD,76045,Single,,,,
6271,PhD,50870,Married,,,,
10065,2n Cycle,15315,Married,,,,
4741,2n Cycle,65463,Married,,,,
246,Graduation,66480,Married,,,,
375,Graduation,76773,Divorced,,,,
1524,2n Cycle,81698,Single,,,,
10022,PhD,54466,Single,,,,
7451,Master,98777,Single,,,,
11010,PhD,16269,Single,,,,
4356,Graduation,71819,Together,,,,
3885,PhD,33569,Married,,,,
1175,Master,36262,Married,,,,
880,Basic,22634,Together,,,,
2320,2n Cycle,47025,Married,,,,
850,Graduation,70566,Single,,,,
4713,PhD,31605,Married,,,,
675,Master,52034,Divorced,,,,
5025,Graduation,48526,Single,,,,
2308,Graduation,46734,Married,,,,
5995,Graduation,39552,Divorced,,,,
6749,Graduation,86358,Single,,,,
1010,Graduation,46931,Together,,,,
8977,Basic,16581,Single,,,,
4756,2n Cycle,63998,Divorced,,,,
3412,Master,67381,Married,,,,
606,Graduation,25930,Single,,,,
5961,Graduation,42693,Married,,,,
2975,Graduation,85606,Together,,,,
2894,Graduation,72903,Single,,,,
7613,2n Cycle,49669,Together,,,,
10542,PhD,36778,Married,,,,
8015,PhD,85696,Divorced,,,,
10617,Master,10979,Divorced,,,,
11166,Graduation,49678,Married,,,,
849,Master,56129,Together,,,,
523,Graduation,37155,Married,,,,
4066,2n Cycle,21282,Divorced,,,,
8414,PhD,33419,Single,,,,
819,Graduation,63285,Widow,,,,
4961,Master,21255,Together,,,,
749,Graduation,42162,Together,,,,
5430,Graduation,54450,Together,,,,
7755,PhD,57744,Married,,,,
10525,Graduation,26576,Single,,,,
1453,PhD,57513,Widow,,,,
8310,Graduation,68142,Together,,,,
10710,Graduation,7500,Married,,,,
5031,Graduation,83145,Together,,,,
2613,Master,54197,Married,,,,
213,PhD,23091,Single,,,,
967,Graduation,46049,Married,,,,
1077,Graduation,56715,Together,,,,
7959,Graduation,79410,Married,,,,
640,Graduation,57304,Married,,,,
4252,Graduation,44375,Married,,,,
8432,Graduation,54450,Together,,,,
6218,Graduation,59594,Married,,,,
6905,Graduation,80685,Together,,,,
5922,PhD,40344,Married,,,,
3598,Graduation,62710,Married,,,,
6116,2n Cycle,48985,Married,,,,
6263,Graduation,35322,Together,,,,
10486,Graduation,77142,Married,,,,
2410,Graduation,81657,Single,,,,
193,Basic,14421,Married,,,,
3363,2n Cycle,20130,Married,,,,
8278,PhD,74214,Married,,,,
10660,Master,66726,Married,,,,
8686,Basic,23724,Together,,,,
1604,Master,47353,Married,,,,
5907,Master,33444,Married,,,,
10669,Graduation,54386,Married,,,,
2918,Graduation,28510,Divorced,,,,
5735,Master,90638,Single,,,,
359,Graduation,48070,Together,,,,
8387,Graduation,43140,Married,,,,
1829,PhD,54959,Divorced,,,,
3839,Basic,15056,Single,,,,
9392,Graduation,26954,Single,,,,
2292,Graduation,22327,Single,,,,
10466,Graduation,44393,Married,,,,
9855,PhD,62000,Single,,,,
4088,PhD,31497,Together,,,,
5231,2n Cycle,45894,Married,,,,
590,Master,78579,Divorced,,,,
8732,Master,67369,Widow,,,,
2315,Graduation,58401,Divorced,,,,
3515,Graduation,62307,Single,,,,
2245,Master,43641,Married,,,,
6283,Master,63841,Divorced,,,,
2246,2n Cycle,46891,Married,,,,
6606,Master,70091,Married,,,,
5545,PhD,78075,Married,,,,
7342,2n Cycle,59184,Widow,,,,
837,Graduation,54809,Married,,,,
9500,Graduation,58113,Married,,,,
3602,Master,51412,Married,,,,
234,Graduation,15287,Divorced,,,,
2995,Master,66636,Together,,,,
1118,Master,50965,Married,,,,
7789,PhD,84618,Married,,,,
3068,Graduation,18351,Married,,,,
8955,PhD,40451,Together,,,,
945,Graduation,36317,Together,,,,
5644,Graduation,42213,Together,,,,
7192,Graduation,65748,Together,,,,
2324,Graduation,77044,Together,,,,
697,Graduation,74918,Together,,,,
3439,Graduation,56721,Married,,,,
1506,Graduation,42160,Single,,,,
232,Graduation,61559,Single,,,,
8876,PhD,33629,Together,,,,
4500,PhD,68682,Together,,,,
9739,Graduation,34377,Single,,,,
10395,Basic,8940,Single,,,,
1176,Graduation,26228,Married,,,,
1627,2n Cycle,77297,Divorced,,,,
938,Graduation,40211,Married,,,,
2740,PhD,33438,Widow,,,,
257,PhD,75032,Married,,,,
4058,PhD,61284,Single,,,,
7736,Graduation,22518,Married,,,,
8210,Master,54730,Married,,,,
833,Master,38452,Married,,,,
6230,Graduation,44421,Divorced,,,,
7325,PhD,38197,Together,,,,
1307,Graduation,41986,Divorced,,,,
1502,Graduation,28427,Together,,,,
6211,PhD,37395,Together,,,,
843,Graduation,64722,Married,,,,
4174,Master,55249,Together,,,,
9757,Graduation,84906,Together,,,,
6918,Graduation,28691,Married,,,,
286,Graduation,44213,Single,,,,
11086,Basic,25707,Single,,,,
1921,PhD,59062,Married,,,,
4138,Graduation,76624,Single,,,,
7718,Master,66000,Together,,,,
1291,PhD,27683,Together,,,,
6862,Graduation,1730,Divorced,,,,
4136,Basic,7500,Single,,,,
803,Graduation,40521,Together,,,,
4298,PhD,20427,Together,,,,
10833,Graduation,65106,Married,,,,
9606,PhD,69969,Married,,,,
8534,Graduation,67433,Married,,,,
5153,PhD,77766,Married,,,,
961,Graduation,74716,Married,,,,
5011,Graduation,68118,Divorced,,,,
6653,PhD,55158,Married,,,,
9094,2n Cycle,62972,Married,,,,
810,Graduation,74190,Married,,,,
5493,Graduation,39356,Married,,,,
2147,Graduation,76653,Together,,,,
5107,PhD,35860,Divorced,,,,
3979,PhD,90687,Divorced,,,,
6049,Master,73450,Together,,,,
8147,Graduation,31454,Married,,,,
1857,Graduation,47139,Single,,,,
3910,Graduation,83829,Divorced,,,,
5207,PhD,53378,Married,,,,
11114,Graduation,19656,Together,,,,
5429,PhD,45579,Married,,,,
9400,2n Cycle,85485,Single,,,,
1740,Graduation,55956,Married,,,,
7488,Master,64191,Single,,,,
195,Graduation,38808,Single,,,,
635,Master,57183,Married,,,,
7527,Master,23748,Divorced,,,,
10319,Graduation,66303,Married,,,,
2296,Master,37368,Married,,,,
10637,Graduation,40800,Married,,,,
2931,Graduation,71847,Divorced,,,,
907,Graduation,46149,Married,,,,
3698,Graduation,78687,Together,,,,
9516,2n Cycle,49118,Divorced,,,,
679,PhD,37633,Married,,,,
7384,Master,39767,Together,,,,
5043,Basic,26997,Married,,,,
5267,Graduation,33986,Divorced,,,,
339,PhD,57091,Married,,,,
2516,2n Cycle,46831,Married,,,,
9010,Master,83151,Married,,,,
378,Graduation,52531,Married,,,,
4808,Graduation,15759,Married,,,,
5068,Graduation,22804,Single,,,,
7628,2n Cycle,43050,Married,,,,
7128,PhD,42997,Single,,,,
2811,PhD,48918,Single,,,,
3551,Master,60033,Together,,,,
1663,PhD,34043,Together,,,,
5543,Graduation,57811,Together,,,,
1577,Graduation,78569,Married,,,,
10641,Graduation,7500,Single,,,,
5336,Master,157733,Together,,,,
6024,Graduation,94384,Together,,,,
1878,2n Cycle,23148,Married,,,,
3099,Graduation,44267,Divorced,,,,
6055,Graduation,71626,Married,,,,
5841,Graduation,60894,Together,,,,
3972,Graduation,50200,Together,,,,
4394,PhD,81051,Married,,,,
5758,Graduation,65169,Married,,,,
6658,Graduation,59868,Together,,,,
4603,PhD,65695,Married,,,,
8427,Master,64857,Single,,,,
10260,Master,45143,Together,,,,
7143,2n Cycle,74805,Together,,,,
8789,2n Cycle,59060,Married,,,,
6197,PhD,27238,Single,,,,
4554,Graduation,47009,Together,,,,
4937,2n Cycle,46094,Married,,,,
1920,Graduation,40321,Married,,,,
8749,Graduation,37235,Together,,,,
1650,Master,81843,Married,,,,
10377,Master,46692,Together,,,,
9206,Graduation,77382,Together,,,,
10971,Graduation,37774,Single,,,,
6398,Basic,18393,Married,,,,
9212,Master,72828,Married,,,,
7937,Graduation,24711,Married,,,,
839,PhD,45503,Married,,,,
4246,Master,6560,Single,,,,
158,PhD,71604,Together,,,,
4832,Graduation,27244,Married,,,,
5621,Graduation,48752,Married,,,,
1945,Graduation,71434,Married,,,,
5147,Graduation,90842,Single,,,,
2535,Master,88097,Married,,,,
11039,Graduation,51948,Married,,,,
9495,Graduation,71853,Together,,,,
9635,Master,35876,Married,,,,
2173,Graduation,40049,Widow,,,,
942,Graduation,39660,Single,,,,
9386,Graduation,50127,Together,,,,
5510,Master,43263,Married,,,,
873,Master,62845,Married,,,,
2253,Graduation,18929,Married,,,,
5181,Basic,24367,Single,,,,
979,Graduation,33249,Single,,,,
10390,2n Cycle,26887,Married,,,,
4698,PhD,50150,Married,,,,
7793,Graduation,62061,Together,,,,
1745,PhD,85696,Divorced,,,,
10590,PhD,76542,Together,,,,
5080,Graduation,70515,Single,,,,
8369,Graduation,18227,Together,,,,
5232,Graduation,69139,Married,,,,
2407,Graduation,69109,Married,,,,
3834,Graduation,69627,Single,,,,
7912,Graduation,38136,Married,,,,
7712,PhD,62159,Single,,,,
1065,Graduation,80695,Single,,,,
7275,Master,33316,Single,,,,
1343,Graduation,58554,Together,,,,
1384,Basic,17256,Married,,,,
9967,Graduation,53034,Divorced,,,,
6181,2n Cycle,52203,Together,,,,
10507,2n Cycle,59601,Divorced,,,,
2674,Master,75154,Single,,,,
2698,Graduation,47025,Single,,,,
3231,Graduation,37971,Married,,,,
4096,Master,41335,Divorced,,,,
10476,Graduation,67267,Married,,,,
5948,Graduation,57338,Single,,,,
9140,2n Cycle,50523,Together,,,,
10258,Master,35791,Single,,,,
5675,PhD,50611,Divorced,,,,
4743,PhD,56242,Married,,,,
8805,Graduation,48904,Single,,,,
1542,Graduation,56243,Single,,,,
6770,Graduation,21355,Married,,,,
8773,Master,57420,Together,,,,
10475,Master,,Together,,,,
10420,Master,46390,Divorced,,,,
7514,2n Cycle,54342,Together,,,,
2902,Graduation,,Together,,,,
4345,2n Cycle,,Single,,,,
793,Graduation,20895,Married,,,,
10909,Graduation,92344,Married,,,,
3769,PhD,,Together,,,,
8702,2n Cycle,26907,Together,,,,
4791,Graduation,44964,Together,,,,
2963,Graduation,75507,Together,,,,
8216,Master,53761,Married,,,,
8140,Graduation,22682,Together,,,,
10146,PhD,38887,Together,,,,
5289,2n Cycle,41658,Single,,,,
2587,PhD,29791,Married,,,,
4405,Master,63915,Married,,,,
8663,Graduation,39996,Divorced,,,,
2589,Graduation,26759,Divorced,,,,
3421,Master,63841,Divorced,,,,
10490,PhD,51039,Married,,,,
4094,Graduation,60544,Married,,,,
9958,Graduation,65685,Married,,,,
2534,Graduation,37716,Married,,,,
4188,Graduation,36864,Single,,,,
6613,Master,44511,Married,,,,
10827,PhD,36947,Married,,,,
5491,Master,47352,Together,,,,
8402,Master,67087,Married,,,,
8783,Graduation,57045,Married,,,,
10010,PhD,36957,Divorced,,,,
618,PhD,69389,Married,,,,
9121,Graduation,80134,Married,,,,
361,Master,43142,Married,,,,
4310,Graduation,80589,Married,,,,
2678,Graduation,34412,Single,,,,
6376,Graduation,57537,Single,,,,
524,Basic,22634,Together,,,,
10341,Graduation,51315,Together,,,,
5654,Graduation,36026,Married,,,,
4098,Graduation,24639,Married,,,,
5824,PhD,34578,Together,,,,
7000,2n Cycle,65704,Single,,,,
2561,Graduation,63810,Single,,,,
5229,PhD,54132,Together,,,,
4086,Graduation,18690,Married,,,,
2428,Graduation,28164,Married,,,,
8254,PhD,34596,Married,,,,
2836,PhD,43269,Married,,,,
8418,2n Cycle,38741,Single,,,,
1362,Graduation,31907,Single,,,,
7152,Master,27100,Married,,,,
10033,2n Cycle,31163,Divorced,,,,
9349,Graduation,92533,Married,,,,
274,Graduation,34853,Single,,,,
3388,Graduation,70844,Divorced,,,,
922,2n Cycle,31086,Married,,,,
8588,Graduation,60544,Married,,,,
2518,2n Cycle,20491,Together,,,,
574,Graduation,42523,Married,,,,
3220,Graduation,39922,Married,,,,
5967,Graduation,33402,Together,,,,
1183,Master,36408,Married,,,,
6856,Graduation,21645,Together,,,,
4530,Master,78427,Widow,,,,
1553,Graduation,82657,Together,,,,
4682,Graduation,51876,Married,,,,
8204,2n Cycle,78041,Married,,,,
5221,Graduation,52852,Married,,,,
1232,PhD,70038,Together,,,,
1927,2n Cycle,69401,Together,,,,
5788,Graduation,46053,Together,,,,
6652,Graduation,77343,Married,,,,
6246,Graduation,73892,Single,,,,
5975,PhD,40304,Single,,,,
6875,PhD,32727,Together,,,,
4399,Graduation,68695,Together,,,,
4042,Graduation,43300,Divorced,,,,
2157,Graduation,26290,Together,,,,
10133,Graduation,93790,Single,,,,
2525,PhD,38410,Married,,,,
8233,Master,64866,Widow,,,,
9483,Graduation,57957,Together,,,,
2945,PhD,46015,Together,,,,
10403,Graduation,16531,Together,,,,
5074,Master,28072,Married,,,,
10524,Master,49476,Divorced,,,,
4690,Graduation,50725,Married,,,,
7521,Graduation,83844,Together,,,,
7196,PhD,41145,Married,,,,
4406,Graduation,67419,Together,,,,
9672,2n Cycle,23162,Married,,,,
4864,Graduation,34380,Married,,,,
4706,Graduation,34704,Single,,,,
4070,PhD,94871,Married,,,,
25,Graduation,65148,Married,,,,
3697,Graduation,39898,Together,,,,
217,Master,64857,Single,,,,
4220,PhD,59892,Married,,,,
5286,Master,41020,Single,,,,
9559,PhD,57072,Married,,,,
2849,Graduation,60474,Single,,,,
7787,Graduation,62807,Together,,,,
3102,2n Cycle,19414,Together,,,,
5868,Graduation,19107,Married,,,,
8370,2n Cycle,75484,Together,,,,
9988,Master,70379,Single,,,,
2939,Master,79419,Together,,,,
5529,PhD,64014,Together,,,,
9743,Graduation,76998,Married,,,,
5763,Master,49854,Together,,,,
3478,PhD,60585,Married,,,,
7494,PhD,42873,Divorced,,,,
1763,Graduation,87679,Together,,,,
7250,Graduation,57867,Together,,,,
2005,Graduation,35765,Married,,,,
10770,Graduation,65492,Married,,,,
6885,Graduation,32952,Divorced,,,,
2072,PhD,53374,Together,,,,
9463,Graduation,71706,Together,,,,
6318,Graduation,68487,Married,,,,
4093,Master,53253,Together,,,,
5751,2n Cycle,31163,Divorced,,,,
3340,Graduation,42014,Married,,,,
3594,Master,54108,Married,,,,
3584,PhD,49667,Single,,,,
3643,Master,63206,Married,,,,
851,Master,57136,Married,,,,
7706,2n Cycle,46772,Together,,,,
3967,PhD,78931,Married,,,,
10128,Graduation,53977,Together,,,,
486,Graduation,84219,Married,,,,
9,Master,46098,Single,,,,
9451,Graduation,73538,Married,,,,
9264,Graduation,79529,Married,,,,
3865,2n Cycle,20981,Together,,,,
2853,Graduation,51766,Single,,,,
1490,Graduation,55759,Married,,,,
6310,Graduation,33039,Married,,,,
10380,Master,37787,Married,,,,
3887,Graduation,27242,Single,,,,
4278,PhD,87188,Single,,,,
8643,Graduation,69930,Together,,,,
1998,Graduation,37697,Single,,,,
10795,PhD,37401,Married,,,,
11110,Graduation,3502,Single,,,,
2408,Graduation,58597,Married,,,,
202,PhD,82032,Widow,,,,
7998,Graduation,28087,Together,,,,
830,PhD,74004,Single,,,,
3536,Graduation,19740,Together,,,,
6050,2n Cycle,57036,Married,,,,
125,2n Cycle,53083,Together,,,,
3463,PhD,69283,Married,,,,
2804,Master,46098,Single,,,,
3745,2n Cycle,23331,Married,,,,
9771,2n Cycle,23331,Single,,,,
451,Graduation,9255,Single,,,,
10530,PhD,67786,Widow,,,,
1079,PhD,71969,Married,,,,
8920,Master,59235,Single,,,,
6678,Graduation,31928,Together,,,,
3852,Master,74881,Together,,,,
528,Graduation,65819,Married,,,,
73,PhD,51411,Single,,,,
5589,Graduation,51983,Divorced,,,,
10212,Master,42386,Together,,,,
6365,2n Cycle,30390,Married,,,,
5636,Graduation,30983,Single,,,,
591,Graduation,66033,Widow,,,,
2217,2n Cycle,37284,Married,,,,
2544,Master,57530,Divorced,,,,
7725,2n Cycle,76800,Married,,,,
8091,Graduation,63943,Married,,,,
7321,Graduation,76081,Together,,,,
5462,Graduation,67445,Married,,,,
7791,Master,37054,Married,,,,
955,Master,47175,Together,,,,
4037,Graduation,31859,Divorced,,,,
6642,Graduation,27215,Divorced,,,,
2793,PhD,70179,Divorced,,,,
5424,Graduation,39922,Married,,,,
879,Master,49681,Married,,,,
9530,Graduation,24645,Married,,,,
4828,Graduation,79865,Divorced,,,,
10699,Graduation,44322,Married,,,,
1497,Graduation,47958,Single,,,,
7476,Master,63972,Single,,,,
4390,Graduation,75315,Together,,,,
10478,PhD,55517,Married,,,,
1081,PhD,75283,Married,,,,
4261,PhD,82800,Single,,,,
9916,Graduation,38998,Married,,,,
5350,Master,90638,Single,,,,
8135,Master,27161,Married,,,,
8685,Graduation,42014,Married,,,,
4967,PhD,38201,Together,,,,
2130,Graduation,45203,Together,,,,
9298,PhD,81574,Together,,,,
8175,Graduation,34935,Married,,,,
6257,Master,60482,Single,,,,
3790,Graduation,34633,Together,,,,
9952,Master,78093,Together,,,,
3503,Graduation,82460,Divorced,,,,
5223,Master,45903,Together,,,,
4608,Graduation,81361,Divorced,,,,
1626,PhD,35860,Divorced,,,,
4764,Master,40442,Together,,,,
2471,Graduation,61482,Married,,,,
5892,Graduation,34968,Married,,,,
2612,Graduation,75794,Married,,,,
4971,PhD,31497,Together,,,,
5185,Graduation,74268,Married,,,,
10069,Basic,13724,Together,,,,
2262,Master,45143,Together,,,,
1131,PhD,52569,Single,,,,
1041,PhD,48432,Single,,,,
24,Master,17144,Together,,,,
3409,Graduation,36108,Single,,,,
7022,Graduation,76445,Married,,,,
7943,PhD,36663,Married,,,,
5272,Master,53843,Married,,,,
5453,Master,90226,Married,,,,
2565,Master,70638,Divorced,,,,
800,Graduation,44512,Together,,,,
11092,Graduation,27116,Married,,,,
5062,PhD,54072,Married,,,,
8969,Graduation,71855,Married,,,,
4656,2n Cycle,51250,Single,,,,
4480,Master,60432,Married,,,,
9971,PhD,65526,Married,,,,
6729,Graduation,68655,Single,,,,
1773,2n Cycle,12393,Married,,,,
9242,Graduation,64509,Single,,,,
1764,Graduation,33955,Single,,,,
6215,Graduation,31353,Married,,,,
10099,Graduation,55434,Married,,,,
5423,Graduation,28359,Together,,,,
940,Graduation,57100,Single,,,,
3011,Graduation,69139,Married,,,,
3298,Master,52973,Married,,,,
8286,PhD,51717,Together,,,,
9668,Graduation,18793,Married,,,,
5120,2n Cycle,66664,Together,,,,
6097,Graduation,50664,Single,,,,
7019,Graduation,54414,Together,,,,
7408,PhD,54549,Married,,,,
8041,PhD,47111,Widow,,,,
252,PhD,41003,Divorced,,,,
9986,Graduation,19444,Together,,,,
3276,2n Cycle,36301,Together,,,,
3859,PhD,73059,Together,,,,
3570,PhD,42731,Together,,,,
3783,PhD,52854,Married,,,,
10207,Graduation,22775,Together,,,,
10906,PhD,46681,Together,,,,
3427,PhD,59821,Married,,,,
5209,Graduation,50002,Divorced,,,,
10711,Graduation,69755,Married,,,,
10785,Graduation,44078,Married,,,,
2814,Master,30560,Together,,,,
6866,Master,35924,Together,,,,
1665,PhD,64140,Divorced,,,,
6575,Graduation,56386,Together,,,,
3829,Basic,24594,Together,,,,
3091,2n Cycle,75774,Together,,,,
10141,Master,39228,Divorced,,,,
5177,Master,58494,Married,,,,
7005,Graduation,58684,Single,,,,
6409,Graduation,57136,Divorced,,,,
7485,PhD,56551,Widow,,,,
8079,Graduation,22448,Married,,,,
8395,Graduation,82014,Single,,,,
10352,Graduation,34213,Widow,,,,
4931,Graduation,157146,Together,,,,
13,PhD,25358,Widow,,,,
1834,Master,35544,Single,,,,
2285,Master,36634,Together,,,,
2295,PhD,62670,Married,,,,
1378,2n Cycle,50334,Together,,,,
2781,Graduation,72066,Single,,,,
1165,PhD,50729,Single,,,,
1404,Graduation,34916,Together,,,,
6457,Graduation,64892,Divorced,,,,
2639,Graduation,43602,Single,,,,
8299,PhD,33996,Single,,,,
6437,2n Cycle,41473,Single,,,,
6912,PhD,63246,Married,,,,
7327,PhD,36732,Married,,,,
5299,PhD,69084,Married,,,,
4127,PhD,77766,Married,,,,
8143,PhD,37929,Single,,,,
1964,Graduation,86610,Together,,,,
3690,Master,80141,Married,,,,
3433,2n Cycle,72635,Married,,,,
3389,Graduation,69016,Married,,,,
4712,2n Cycle,20193,Together,,,,
1170,Graduation,27573,Married,,,,
6347,Basic,15862,Single,,,,
4065,PhD,49544,Married,,,,
8230,Graduation,33228,Married,,,,
1215,Graduation,70440,Together,,,,
5939,Graduation,38232,Together,,,,
2156,PhD,22554,Married,,,,
7788,PhD,23536,Married,,,,
10323,Graduation,49413,Married,,,,
7947,Graduation,42231,Married,,,,
1891,Master,78789,Divorced,,,,
2570,Graduation,56534,Together,,,,
9256,Graduation,58350,Single,,,,
295,Graduation,81217,Single,,,,
7397,Graduation,49090,Single,,,,
6349,Master,61787,Divorced,,,,
10790,PhD,18169,Married,,,,
10398,2n Cycle,24336,Single,,,,
2431,Graduation,18222,Married,,,,
550,Graduation,62335,Divorced,,,,
1890,2n Cycle,42033,Together,,,,
10742,PhD,86580,Married,,,,
10356,PhD,41437,Divorced,,,,
4676,Master,73705,Widow,,,,
8852,Graduation,61064,Married,,,,
3565,Master,38452,Married,,,,
5294,Graduation,18358,Single,,,,
1958,PhD,55012,Together,,,,
7349,Basic,9722,Together,,,,
8799,PhD,38175,Married,,,,
1351,Master,58656,Together,,,,
1045,Graduation,52117,Together,,,,
7732,Graduation,64813,Married,,,,
8070,PhD,54222,Married,,,,
477,Graduation,83512,Married,,,,
7832,Master,77520,Married,,,,
2202,Graduation,41154,Together,,,,
7396,Graduation,80398,Married,,,,
4055,Basic,18746,Single,,,,
10340,Graduation,35196,Together,,,,
10091,Graduation,60230,Single,,,,
7629,Graduation,22108,Married,,,,
10640,Graduation,44392,Together,,,,
3498,PhD,55424,Married,,,,
6742,Graduation,17688,Married,,,,
1172,PhD,92491,Married,,,,
569,Graduation,90273,Single,,,,
4686,PhD,82571,Widow,,,,
1381,PhD,38513,Single,,,,
2634,Master,16653,Single,,,,
10905,Graduation,42586,Together,,,,
1744,Basic,23529,Single,,,,
1000,Master,74881,Together,,,,
3828,Graduation,71107,Married,,,,
8605,PhD,46910,Together,,,,
10304,Graduation,18690,Married,,,,
4351,Graduation,37244,Divorced,,,,
10129,Graduation,82427,Together,,,,
2499,2n Cycle,75342,Single,,,,
10092,Graduation,70044,Divorced,,,,
7500,Graduation,79146,Single,,,,
5796,Graduation,77437,Married,,,,
10556,Graduation,54984,Married,,,,
1064,PhD,42403,Married,,,,
48,Graduation,55761,Together,,,,
7610,Graduation,37292,Together,,,,
263,PhD,45576,Single,,,,
10814,Graduation,70321,Together,,,,
9710,PhD,58086,Divorced,,,,
9292,Graduation,81795,Married,,,,
10250,Basic,28389,Together,,,,
7881,Master,66835,Married,,,,
5847,Graduation,69901,Divorced,,,,
737,PhD,80360,Married,,,,
3571,PhD,63342,Together,,,,
7807,Graduation,44989,Married,,,,
3878,2n Cycle,31859,Single,,,,
5092,PhD,51569,Widow,,,,
2154,Graduation,30372,Widow,,,,
5394,Basic,16014,Single,,,,
3798,Graduation,41120,Married,,,,
3524,Master,39763,Single,,,,
5247,PhD,38725,Married,,,,
5883,Graduation,77981,Married,,,,
2118,2n Cycle,62905,Married,,,,
8812,2n Cycle,13533,Divorced,,,,
6616,Graduation,59481,Together,,,,
2797,Graduation,72117,Married,,,,
4328,2n Cycle,21955,Married,,,,
9167,Graduation,67131,Married,,,,
10560,PhD,36802,Single,,,,
2631,Graduation,71853,Together,,,,
8312,Basic,28249,Married,,,,
5534,Master,47808,Married,,,,
5093,PhD,25509,Divorced,,,,
7592,PhD,51012,Married,,,,
8895,Graduation,70596,Single,,,,
8584,PhD,85431,Together,,,,
2694,Graduation,42664,Married,,,,
8910,Graduation,42586,Together,,,,
7433,Graduation,29760,Single,,,,
164,PhD,28973,Married,,,,
10477,PhD,39435,Together,,,,
2681,2n Cycle,65370,Married,,,,
5150,Basic,20194,Single,,,,
5283,PhD,42473,Single,,,,
9645,Graduation,64590,Married,,,,
10678,Graduation,71232,Together,,,,
7261,Graduation,34600,Together,,,,
9648,Graduation,46904,Single,,,,
2870,Graduation,49094,Married,,,,
8008,Graduation,36075,Together,,,,
1513,2n Cycle,60839,Together,,,,
6173,Graduation,77298,Together,,,,
1419,Graduation,34026,Together,,,,
9150,PhD,48918,Single,,,,
7960,2n Cycle,82122,Together,,,,
1250,Graduation,37697,Single,,,,
9905,Graduation,34074,Together,,,,
10691,Master,28520,Married,,,,
7002,Graduation,62535,Single,,,,
2952,Master,36273,Single,,,,
8439,Graduation,63404,Together,,,,
762,2n Cycle,75774,Together,,,,
2831,Graduation,78416,Together,,,,
6977,Graduation,75702,Together,,,,
6289,Master,59385,Together,,,,
4168,Graduation,37070,Single,,,,
8397,Graduation,44689,Married,,,,
9284,Graduation,53977,Together,,,,
6237,PhD,7144,Single,,,,
3130,Graduation,18701,Single,,,,
1619,Graduation,90369,Married,,,,
1990,PhD,63159,Single,,,,
5513,Graduation,37758,Together,,,,
269,PhD,46757,Single,,,,
8093,Master,79734,Married,,,,
10513,Graduation,63207,Together,,,,
10177,Graduation,72071,Divorced,,,,
2549,PhD,21840,Together,,,,
5782,2n Cycle,58582,Together,,,,
10057,Graduation,72282,Single,,,,
10307,Graduation,50387,Married,,,,
8566,PhD,32583,Together,,,,
2415,Graduation,62568,Together,,,,
5684,Master,44635,Divorced,,,,
8334,Master,33316,Single,,,,
9166,Graduation,63967,Married,,,,
1440,2n Cycle,52513,Together,,,,
78,Graduation,25293,Married,,,,
5441,PhD,54111,Widow,,,,
5302,Graduation,78394,Together,,,,
4687,Master,80739,Married,,,,
1087,Master,22669,Together,,,,
6859,Graduation,29236,Single,,,,
9860,Graduation,44911,Together,,,,
7129,PhD,54693,Married,,,,
5866,Graduation,48186,Together,,,,
10521,Graduation,54809,Married,,,,
7393,Graduation,41580,Together,,,,
7849,PhD,80336,Married,,,,
332,Graduation,47743,Married,,,,
9847,2n Cycle,62972,Married,,,,
531,PhD,57333,Divorced,,,,
9576,PhD,32313,Together,,,,
6906,Master,84953,Widow,,,,
7419,Master,27071,Divorced,,,,
3170,Master,68148,Together,,,,
8527,Master,65735,Together,,,,
7872,PhD,86836,Married,,,,
9931,PhD,4023,Married,,,,
10595,Graduation,30093,Married,,,,
4609,PhD,57705,Married,,,,
5010,Graduation,25008,Single,,,,
4427,2n Cycle,83257,Single,,,,
11148,Graduation,22280,Together,,,,
1168,PhD,72159,Married,,,,
9595,Graduation,64260,Together,,,,
10163,PhD,82733,Single,,,,
2886,Master,74290,Divorced,,,,
6710,Master,58217,Single,,,,
5316,Master,21024,Together,,,,
9029,PhD,70116,Married,,,,
521,Graduation,54006,Together,,,,
1459,PhD,69063,Married,,,,
10241,2n Cycle,11448,Divorced,,,,
1630,Graduation,61825,Single,,,,
3254,Graduation,70886,Married,,,,
9064,Graduation,69109,Married,,,,
3678,Graduation,60208,Widow,,,,
4227,Master,32889,Together,,,,
9467,Graduation,34738,Single,,,,
8486,Master,30538,Together,,,,
2186,2n Cycle,82326,Together,,,,
3286,PhD,26642,Divorced,,,,
8602,Graduation,69932,Divorced,,,,
3722,Graduation,44503,Single,,,,
6715,PhD,60200,Single,,,,
4796,Graduation,49638,Divorced,,,,
9612,2n Cycle,23830,Single,,,,
3766,Master,33051,Widow,,,,
1399,Graduation,72905,Married,,,,
1570,PhD,69702,Together,,,,
3426,Graduation,70300,Divorced,,,,
3074,PhD,70643,Married,,,,
8341,PhD,30396,Married,,,,
5180,PhD,50616,Divorced,,,,
6461,Master,62772,Single,,,,
7679,PhD,30298,Single,,,,
10702,Graduation,52413,Single,,,,
7505,PhD,44155,Married,,,,
5113,PhD,86979,Divorced,,,,
10858,Graduation,76532,Together,,,,
2961,Graduation,42081,Married,,,,
2747,PhD,67546,Married,,,,
3010,Master,88420,Together,,,,
5790,Graduation,31158,Married,,,,
6892,Graduation,61671,Divorced,,,,
1743,Graduation,69719,Single,,,,
3578,Graduation,49160,Divorced,,,,
8462,Basic,24882,Together,,,,
5558,PhD,90933,Single,,,,
4619,PhD,113734,Single,,,,
8780,PhD,59292,Together,,,,
10789,PhD,45759,Married,,,,
10779,Graduation,22148,Single,,,,
5896,Master,73395,Married,,,,
2337,Graduation,29819,Divorced,,,,
10951,Graduation,45688,Married,,,,
544,Graduation,62820,Married,,,,
17,PhD,60491,Married,,,,
10680,Graduation,33235,Together,,,,
3265,Graduation,35701,Married,,,,
5623,Master,31535,Married,,,,
5832,2n Cycle,92556,Together,,,,
5544,Graduation,67384,Single,,,,
6417,Master,80573,Together,,,,
5831,Graduation,77870,Married,,,,
7101,PhD,52278,Widow,,,,
10176,Graduation,57107,Single,,,,
2326,Graduation,18929,Married,,,,
4385,PhD,36038,Single,,,,
2929,Graduation,20180,Single,,,,
10686,PhD,34230,Together,,,,
2546,2n Cycle,31878,Single,,,,
3283,2n Cycle,70932,Married,,,,
3138,Graduation,91249,Single,,,,
4994,Master,77598,Single,,,,
7966,Graduation,80982,Single,,,,
3112,Master,22701,Married,,,,
10872,PhD,55212,Married,,,,
2181,Graduation,70617,Married,,,,
1867,Graduation,64849,Single,,,,
1518,Master,62694,Married,,,,
5734,PhD,61917,Married,,,,
2878,PhD,67472,Married,,,,
1458,Master,21059,Married,,,,
7007,Master,29543,Married,,,,
6200,Graduation,75903,Married,,,,
1403,2n Cycle,34984,Together,,,,
4827,PhD,54998,Single,,,,
6250,PhD,54356,Widow,,,,
9291,Master,34242,Married,,,,
2478,Graduation,25410,Married,,,,
1139,PhD,73356,Married,,,,
5138,Graduation,28320,Together,,,,
5393,Graduation,23763,Single,,,,
10413,Graduation,72570,Married,,,,
5015,Master,34529,Married,,,,
10868,Graduation,70792,Widow,,,,
10676,Graduation,63211,Married,,,,
2495,Master,83891,Married,,,,
7842,Graduation,36065,Single,,,,
9955,Graduation,39898,Together,,,,
6663,PhD,51141,Single,,,,
2162,Graduation,56939,Married,,,,
3434,Graduation,80872,Single,,,,
7919,PhD,72335,Together,,,,
5626,PhD,61798,Single,,,,
6428,PhD,76842,Widow,,,,
8514,Graduation,29478,Together,,,,
10448,Graduation,46998,Single,,,,
2109,Graduation,96843,Single,,,,
7530,PhD,56551,Widow,,,,
8925,Master,70053,Married,,,,
3009,PhD,71670,Widow,,,,
6355,Graduation,44359,Married,,,,
3517,Graduation,40887,Single,,,,
1158,Graduation,48877,Divorced,,,,
6203,Graduation,74485,Together,,,,
7165,Graduation,64474,Together,,,,
3595,Graduation,77226,Together,,,,
8537,Graduation,72643,Widow,,,,
4331,Master,85738,Together,,,,
6281,Graduation,55686,Divorced,,,,
4338,Graduation,39062,Single,,,,
2452,Graduation,34600,Together,,,,
9507,Graduation,40794,Married,,,,
8360,2n Cycle,54690,Married,,,,
10311,Graduation,4428,Married,,,,
5117,2n Cycle,32632,Married,,,,
4867,PhD,38236,Single,,,,
9289,Graduation,36781,Married,,,,
10913,Master,31385,Single,,,,
3032,Graduation,24570,Married,,,,
8524,PhD,25509,Divorced,,,,
3334,Graduation,94642,Married,,,,
4470,Master,58646,Married,,,,
1406,Graduation,53201,Single,,,,
8619,Graduation,21994,Together,,,,
10821,Graduation,57113,Married,,,,
4552,Graduation,51373,Married,,,,
898,Graduation,23477,Married,,,,
9797,Graduation,58116,Married,,,,
10949,PhD,72968,Divorced,,,,
8212,Master,39791,Married,,,,
6248,Master,91712,Single,,,,
10164,Graduation,94472,Single,,,,
4547,Graduation,13672,Together,,,,
6815,2n Cycle,96547,Married,,,,
4122,Graduation,79205,Married,,,,
10841,PhD,56559,Together,,,,
5370,PhD,32644,Married,,,,
176,2n Cycle,67506,Single,,,,
4860,Graduation,24206,Single,,,,
10757,PhD,28420,Divorced,,,,
4023,Graduation,22979,Married,,,,
6679,Graduation,33279,Single,,,,
9923,Master,46423,Single,,,,
7181,Graduation,30368,Married,,,,
3599,Graduation,63684,Married,,,,
405,Graduation,41638,Divorced,,,,
6870,PhD,68805,Divorced,,,,
832,PhD,65814,Together,,,,
2002,Graduation,71964,Divorced,,,,
3657,Graduation,39146,Single,,,,
500,Graduation,96876,Together,,,,
1951,Basic,34445,Married,,,,
3262,Graduation,68281,Single,,,,
4102,2n Cycle,37284,Married,,,,
7042,Graduation,36790,Married,,,,
10598,Graduation,27943,Together,,,,
255,Graduation,22263,Divorced,,,,
2375,Graduation,30261,Together,,,,
9829,Graduation,28587,Together,,,,
6214,Master,43815,Married,,,,
4954,Graduation,48195,Married,,,,
7861,Master,77027,Married,,,,
4837,PhD,71322,Married,,,,
9423,Master,32765,Married,,,,
4198,Graduation,29672,Together,,,,
153,Graduation,23272,Divorced,,,,
9323,Master,49912,Together,,,,
10001,2n Cycle,7500,Together,,,,
3945,PhD,68117,Widow,,,,
3799,Graduation,67225,Married,,,,
8625,Graduation,17649,Married,,,,
3491,Graduation,55914,Together,,,,
983,Graduation,40059,Married,,,,
9119,Graduation,60905,Together,,,,
4786,Graduation,75330,Married,,,,
5872,Graduation,60689,Single,,,,
6568,Graduation,38680,Married,,,,
5628,Graduation,61416,Together,,,,
5631,Graduation,49767,Single,,,,
4974,Graduation,83273,Single,,,,
8416,Graduation,29009,Married,,,,
5454,Master,45057,Married,,,,
4095,Graduation,37150,Married,,,,
5474,Graduation,43020,Single,,,,
4268,Graduation,53154,Married,,,,
10701,Graduation,65308,Married,,,,
3507,Graduation,76467,Single,,,,
2079,2n Cycle,81044,Married,,,,
626,Graduation,32871,Married,,,,
4426,Graduation,55801,Single,,,,
2591,Graduation,76320,Widow,,,,
10509,Master,36927,Single,,,,
6382,Graduation,48794,Together,,,,
6673,Graduation,23478,Single,,,,
7441,Graduation,71128,Divorced,,,,
1071,PhD,70179,Divorced,,,,
10061,Graduation,59462,Married,,,,
7187,Master,,Together,,,,
8775,Graduation,38361,Together,,,,
1612,PhD,,Single,,,,
2345,PhD,70038,Together,,,,
322,Graduation,42554,Together,,,,
10897,Graduation,67445,Married,,,,
123,Graduation,67046,Widow,,,,
6103,Graduation,42192,Married,,,,
7899,PhD,77610,Married,,,,
10500,Graduation,31761,Married,,,,
1655,Graduation,34350,Together,,,,
2406,Graduation,54591,Together,,,,
2712,Graduation,71866,Married,,,,
5517,Graduation,25293,Married,,,,
10643,PhD,42000,Single,,,,
2254,Graduation,69520,Married,,,,
10281,Graduation,64713,Divorced,,,,
6958,Master,27889,Married,,,,
954,Basic,22123,Widow,,,,
5079,Graduation,,Married,,,,
10339,Master,,Together,,,,
4643,Graduation,27803,Married,,,,
3117,Graduation,,Single,,,,
6497,Graduation,51651,Married,,,,
5396,Graduation,68487,Married,,,,
5250,Master,,Widow,,,,
1052,Graduation,56796,Married,,,,
2802,2n Cycle,87000,Married,,,,
6343,Graduation,79823,Married,,,,
6507,Graduation,30828,Single,,,,
7901,Master,34109,Married,,,,
4865,Master,53367,Divorced,,,,
2686,Basic,22390,Together,,,,
3107,Graduation,71322,Together,,,,
7734,Graduation,79244,Absurd,,,,
1146,Master,49912,Together,,,,
11031,PhD,48699,Married,,,,
7428,Graduation,80144,Together,,,,
975,Graduation,54252,Single,,,,
1103,Master,81929,Married,,,,
3422,Graduation,76068,Married,,,,
1055,Master,53204,Married,,,,
6544,PhD,67911,Together,,,,
1241,2n Cycle,14796,Married,,,,
2909,PhD,78128,Married,,,,
5802,Basic,14188,Married,,,,
1407,Basic,20425,Married,,,,
6183,Master,58646,Married,,,,
340,Graduation,72967,Divorced,,,,
5991,Master,48150,Married,,,,
3104,Graduation,82332,Single,,,,
9729,Graduation,58275,Widow,,,,
1008,PhD,44953,Together,,,,
11091,Graduation,34587,Together,,,,
3969,Master,43018,Together,,,,
1916,Master,45736,Married,,,,
9907,Master,66476,Together,,,,
87,2n Cycle,27733,Married,,,,
8659,PhD,69805,Together,,,,
6262,Master,72217,Single,,,,
6147,Graduation,25818,Divorced,,,,
8832,Master,37509,Together,,,,
10067,2n Cycle,25176,Together,,,,
7532,Graduation,43586,Married,,,,
4915,2n Cycle,53230,Married,,,,
2115,Graduation,50116,Together,,,,
2088,Graduation,84906,Together,,,,
2493,Graduation,61286,Married,,,,
6292,PhD,82333,Married,,,,
1631,PhD,65220,Together,,,,
10104,Graduation,33590,Together,,,,
3006,Graduation,30992,Divorced,,,,
3919,Master,72309,Single,,,,
11181,PhD,156924,Married,,,,
642,Basic,16005,Married,,,,
4369,Master,65487,Absurd,,,,
10127,Graduation,58692,Married,,,,
271,Graduation,40590,Widow,,,,
4973,Graduation,20587,Single,,,,
2948,Master,62637,Divorced,,,,
2715,Master,29435,Divorced,,,,
10432,Graduation,19346,Divorced,,,,
9216,Graduation,35788,Married,,,,
7124,Graduation,36997,Divorced,,,,
9727,Graduation,23539,Married,,,,
5136,Graduation,65333,Single,,,,
9790,Graduation,78499,Single,,,,
1818,PhD,29732,Together,,,,
1100,Master,41275,Together,,,,
7873,PhD,63516,Together,,,,
10609,PhD,42769,Married,,,,
6950,Master,49572,Married,,,,
7233,Graduation,69209,Married,,,,
9481,Graduation,17148,Married,,,,
7699,Graduation,40590,Widow,,,,
2711,Master,30560,Together,,,,
8933,2n Cycle,32146,Married,,,,
8726,2n Cycle,41713,Divorced,,,,
1515,Master,34176,Together,,,,
5186,PhD,58482,Married,,,,
10157,Graduation,59686,Single,,,,
5667,PhD,60896,Married,,,,
902,Graduation,62994,Together,,,,
977,Graduation,47320,Together,,,,
7313,2n Cycle,74859,Widow,,,,
7600,Basic,15253,Single,,,,
9706,PhD,31560,Single,,,,
2429,Graduation,72071,Divorced,,,,
3520,Master,91172,Single,,,,
10394,Graduation,90000,Married,,,,
4548,Graduation,41967,Single,,,,
9362,Graduation,69263,Single,,,,
3968,2n Cycle,65706,Divorced,,,,
4084,Graduation,60934,Together,,,,
6721,Graduation,71965,Married,,,,
2829,Graduation,65210,Married,,,,
1772,PhD,79174,Married,,,,
1544,Master,81380,Divorced,,,,
492,PhD,48432,YOLO,,,,
4377,Graduation,52914,Married,,,,
4541,Graduation,38946,Together,,,,
1321,Graduation,26067,Married,,,,
8858,PhD,44325,Married,,,,
3266,Graduation,42523,Married,,,,
11187,Basic,26487,Single,,,,
8207,2n Cycle,53233,Married,,,,
9723,Graduation,67716,Married,,,,
2666,Master,76234,Married,,,,
5721,PhD,84117,Married,,,,
10652,Master,65487,Together,,,,
1646,Basic,25224,Married,,,,
4418,Master,89616,Single,,,,
2656,Graduation,40851,Divorced,,,,
7990,Graduation,27469,Married,,,,
8722,2n Cycle,82347,Married,,,,
7118,Graduation,73803,Married,,,,
2980,Master,8820,Single,,,,
1839,Graduation,43322,Single,,,,
10722,Graduation,55593,Together,,,,
2632,Graduation,50501,Married,,,,
9014,Graduation,37085,Married,,,,
7620,Basic,16185,Single,,,,
10968,Graduation,57731,Single,,,,
11133,PhD,48432,YOLO,,,,
2736,Graduation,73807,Married,,,,
1876,Graduation,18929,Married,,,,
5959,Graduation,35893,Single,,,,
1092,Graduation,61014,Married,,,,
4333,Graduation,32144,Together,,,,
3850,Basic,14918,Together,,,,
6168,Graduation,45146,Divorced,,,,
607,2n Cycle,41769,Divorced,,,,
10469,Graduation,88325,Together,,,,
6983,Master,38054,Divorced,,,,
3661,2n Cycle,80617,Single,,,,
9303,Graduation,5305,Married,,,,
692,Graduation,36807,Together,,,,
736,Graduation,28427,Together,,,,
9589,PhD,82032,Widow,,,,
4838,Graduation,22775,Together,,,,
9246,Master,40101,Together,,,,
6261,Graduation,58025,Married,,,,
7366,Master,75777,Single,,,,
10659,2n Cycle,7500,Together,,,,
1448,Master,33562,Married,,,,
4286,PhD,57642,Single,,,,
4749,Graduation,58554,Together,,,,
4478,Graduation,63777,Married,,,,
4201,Graduation,57967,Single,,,,
8720,2n Cycle,,Together,,,,
10084,Graduation,24434,Married,,,,
7004,Graduation,11012,Single,,,,
9817,Master,44802,Single,,,,
8080,Graduation,26816,Single,,,,
9432,Graduation,666666,Together,,,,
8372,Graduation,34421,Married,,,,
10870,Graduation,61223,Married,,,,
4001,PhD,64014,Together,,,,
7270,Graduation,56981,Divorced,,,,
8235,Master,69245,Together,,,,
9405,PhD,52869,Married,,,,